{"cameraMode":{"drawMode":0,"name":"Shaded","section":"Shading Mode"},"sceneLighting":false,"audioPlay":false,"sceneViewState":{"showFog":true,"showMaterialUpdate":true,"showSkybox":false,"showFlares":true,"showImageEffects":true,"showParticleSystems":true},"in2DMode":false,"pivot":{"x":-1.2960809469223023,"y":-3.5271100997924806,"z":-5.119781970977783},"rotation":{"x":-0.07221876084804535,"y":-0.027825960889458658,"z":0.002019522711634636,"w":-0.9970080852508545},"size":12.312986373901368,"orthographic":false}