{"cameraMode":{"drawMode":0,"name":"Shaded","section":"Shading Mode"},"sceneLighting":false,"audioPlay":false,"sceneViewState":{"showFog":true,"showMaterialUpdate":true,"showSkybox":false,"showFlares":true,"showImageEffects":true,"showParticleSystems":true},"in2DMode":false,"pivot":{"x":-1.8022462129592896,"y":-3.5059099197387697,"z":-1.517385721206665},"rotation":{"x":-0.0661732628941536,"y":0.051462072879076007,"z":-0.0034151384606957437,"w":-0.9964835047721863},"size":15.989208221435547,"orthographic":false}