{"cameraMode":{"drawMode":0,"name":"Shaded","section":"Shading Mode"},"sceneLighting":false,"audioPlay":false,"sceneViewState":{"showFog":true,"showMaterialUpdate":true,"showSkybox":false,"showFlares":true,"showImageEffects":true,"showParticleSystems":true},"in2DMode":false,"pivot":{"x":0.6015458106994629,"y":2.544422149658203,"z":0.2817518711090088},"rotation":{"x":-0.5206853747367859,"y":0.01971653290092945,"z":-0.012029053643345833,"w":-0.8534484505653381},"size":9.283881187438965,"orthographic":false}