{"cameraMode":{"drawMode":0,"name":"Shaded","section":"Shading Mode"},"sceneLighting":false,"audioPlay":false,"sceneViewState":{"showFog":true,"showMaterialUpdate":true,"showSkybox":false,"showFlares":true,"showImageEffects":true,"showParticleSystems":true},"in2DMode":false,"pivot":{"x":9.433796882629395,"y":0.08279284834861756,"z":13.877866744995118},"rotation":{"x":-0.08375460654497147,"y":0.1035417914390564,"z":-0.008748065680265427,"w":-0.991063117980957},"size":19.18081283569336,"orthographic":false}