{"cameraMode":{"drawMode":0,"name":"Shaded","section":"Shading Mode"},"sceneLighting":false,"audioPlay":false,"sceneViewState":{"showFog":true,"showMaterialUpdate":true,"showSkybox":true,"showFlares":true,"showImageEffects":true,"showParticleSystems":true},"in2DMode":false,"pivot":{"x":0.0,"y":4.909999847412109,"z":-0.05000114440917969},"rotation":{"x":-0.4805300831794739,"y":-0.012625763192772866,"z":0.006927448324859142,"w":-0.8768731951713562},"size":15.810790061950684,"orthographic":false}