{"cameraMode":{"drawMode":0,"name":"Shaded","section":"Shading Mode"},"sceneLighting":false,"audioPlay":false,"sceneViewState":{"showFog":true,"showMaterialUpdate":true,"showSkybox":false,"showFlares":true,"showImageEffects":true,"showParticleSystems":true},"in2DMode":false,"pivot":{"x":19.728147506713868,"y":6.047415256500244,"z":17.38296890258789},"rotation":{"x":0.06558796763420105,"y":-0.041301898658275607,"z":-0.002714203204959631,"w":-0.9969976544380188},"size":24.52684783935547,"orthographic":false}