{"cameraMode":{"drawMode":0,"name":"Shaded","section":"Shading Mode"},"sceneLighting":false,"audioPlay":false,"sceneViewState":{"showFog":true,"showMaterialUpdate":true,"showSkybox":false,"showFlares":true,"showImageEffects":true,"showParticleSystems":true},"in2DMode":false,"pivot":{"x":3.493008852005005,"y":1.9909300804138184,"z":-3.6853201389312746},"rotation":{"x":0.01914697140455246,"y":-0.06684097647666931,"z":-0.0012797710951417685,"w":-0.9975875616073608},"size":15.492658615112305,"orthographic":false}