{"cameraMode":{"drawMode":0,"name":"Shaded","section":"Shading Mode"},"sceneLighting":false,"audioPlay":false,"sceneViewState":{"showFog":true,"showMaterialUpdate":true,"showSkybox":false,"showFlares":true,"showImageEffects":true,"showParticleSystems":true},"in2DMode":false,"pivot":{"x":-4.560369968414307,"y":2.6924989223480226,"z":-11.82394027709961},"rotation":{"x":-0.06326095759868622,"y":-0.014372820034623146,"z":0.0009149869438260794,"w":-0.9979022145271301},"size":8.290886878967286,"orthographic":false}