{"cameraMode":{"drawMode":0,"name":"Shaded","section":"Shading Mode"},"sceneLighting":false,"audioPlay":false,"sceneViewState":{"showFog":true,"showMaterialUpdate":true,"showSkybox":false,"showFlares":true,"showImageEffects":true,"showParticleSystems":true},"in2DMode":false,"pivot":{"x":0.5768861770629883,"y":-2.2126669883728029,"z":-5.459136962890625},"rotation":{"x":-0.0507073812186718,"y":0.149833083152771,"z":-0.007690714206546545,"w":-0.987389862537384},"size":4.310459136962891,"orthographic":false}