{"cameraMode":{"drawMode":0,"name":"Shaded","section":"Shading Mode"},"sceneLighting":false,"audioPlay":false,"sceneViewState":{"showFog":true,"showMaterialUpdate":true,"showSkybox":false,"showFlares":true,"showImageEffects":true,"showParticleSystems":true},"in2DMode":false,"pivot":{"x":-0.8006573915481567,"y":1.7382252216339112,"z":-8.775659561157227},"rotation":{"x":-0.06613394618034363,"y":0.061922285705804828,"z":-0.004106550477445126,"w":-0.9958891272544861},"size":10.582135200500489,"orthographic":false}