{"cameraMode":{"drawMode":0,"name":"Shaded","section":"Shading Mode"},"sceneLighting":false,"audioPlay":false,"sceneViewState":{"showFog":true,"showMaterialUpdate":true,"showSkybox":true,"showFlares":true,"showImageEffects":true,"showParticleSystems":true},"in2DMode":false,"pivot":{"x":18.972713470458986,"y":7.823801517486572,"z":12.77919864654541},"rotation":{"x":-0.04617313668131828,"y":-0.3736170530319214,"z":0.018627958372235299,"w":-0.9262545704841614},"size":17.426977157592775,"orthographic":false}